datetime,prompt,model_response,error
Fri Apr  4 12:31:19 2025,"
""""""""
I want you to help me create synthetic data. It will be in the form of a JSON file that includes potential user prompts as keys and links to webpages and why you linked those webpages. Also include some potential other webpages. Here's an example:
```json
{
    ""Does Aren have any experience with Unity?"": ""[github.com/ArenKDesai/Boat] Yes, here's a cool-looking boat he made in Blender and rendered in Unity! He's also made made a **CyberCity**, although that's in Three.js."",
    ""show me data science"": ""[arendesai.com/LMPF-README.md] I think you might find this Locational Market Price forecasting project interesting! You might also like his **Google Cloud Platform** work."",
    ""about page"": [arendesai.com/portfolio] Here you can find Aren's work and his github link! If you want to see his **coursework**, you can also ask me about that."",
    ...
}
```
Please make as many examples as you can. Here's the website details for your reference:
```
arendesai.com (
├── /portfolio (Includes a description of what I do and what degrees / certifications I have, and links to my linkedin and github)
    ├── resume.pdf (link is arendesai.com/resume_nodetails.pdf)
    └── cv.pdf (link is arendesai.com/cv_nodetails.pdf)
├── /datascience (My data science projects)
    ├── MarketSimOptimizer README.md (a complex simulation of the MISO market on a generation unit) (link is arendesai.com/MSO-README.md)
    ├── This GCP Website (the website is hosted on GCP, and the LLM is hosted and rate limited on GCP as well) (link is github.com/ArenKDesai/ArenWebsite)
    └── LMP Forecasting README.md (two models, one LEAR and one DNN, that model LMPs based on whitepapers) (link is arendesai.com/LMPF-README.md)
├── /coursework (The coursework I completed in college)
├── /computergraphics (The computer graphics projects I've made)
    ├── Boat (a boat I made in blender and rendered in Unity) (link is github.com/ArenKDesai/Boat)
    ├── Book of Joe (my first portfolio project I made for Honors Graphics, its a web game) (link is arendesai.com/bookofjoe)
    └── CyberCity (my third portfolio project for Honors Graphics, its a 3D cyberpunk city) (link is arendesai.com/cybercity)
└── /robotics (my robotics projects)
    └── WRoverSoftware (the programming for the rover I worked on for UW - Madison) (link is github.com/WisconsinRobotics/WRoverSoftware)
```
""""""""
","<think>
Alright, so the user wants to create synthetic data in JSON format. The keys should be potential user prompts and the values should include links along with explanations of why those links were chosen. They provided an example and detailed their website structure.

First, I need to understand the structure they want. Each key is a question or prompt, and each value is a string that starts with one or more URLs followed by a description explaining the choice. Some entries have multiple links.

Looking at their website details, there are several sections: portfolio, datascience, coursework, computergraphics, and robotics. Each section has specific projects or pages. I need to create prompts that naturally lead to these sections.

I'll start by brainstorming common user questions related to each section. For example, under data science, someone might ask about energy market simulations or Google Cloud usage. Under computer graphics, questions could be about Unity experience or specific projects like the boat model.

Next, I should map each prompt to the appropriate link(s) from their website. It's important to vary the prompts to cover different aspects of their workâ€”projects, skills, education, etc.

I also need to ensure that each explanation clearly connects the user's question with the provided resource. For instance, if someone asks about Unity experience, linking the Boat project makes sense because it was created in Blender and rendered in Unity.

I should create a variety of prompts, including some that might not directly match a section but still relate, like asking for a resume or coursework examples. This way, the JSON covers a broad range of possible user inquiries.

Finally, I'll structure each entry with the prompt as the key and the value containing the links and explanations. Ensuring consistency in formatting will make the JSON clean and easy to use.
</think>

Here's a synthetic JSON file based on your website details:

```json
{
    ""Does Aren have any experience with Unity?"": ""[github.com/ArenKDesai/Boat] Yes, here's a cool-looking boat he made in Blender and rendered in Unity! He's also made a **CyberCity**, although that's in Three.js."",
    ""Show me data science projects"": ""[arendesai.com/datascience] Check out his data science projects, including the MarketSimOptimizer and LMP Forecasting models. If you're interested in Google Cloud Platform work, ask about his GCP projects!"",
    ""What's on your portfolio?"": ""[arendesai.com/portfolio] Here's a detailed description of his work, degrees, and certifications. You can also download his resume or CV from the links provided."",
    ""Tell me about your robotics projects"": ""[github.com/WisconsinRobotics/WRoverSoftware] This repository contains the programming for the rover he worked on at UW-Madison. It's a great example of his robotics work!"",
    ""What computer graphics projects have you done?"": ""[arendesai.com/portfolio#computergraphics] Check out his computer graphics portfolio, including the Boat project and the Book of Joe game."",
    ""Do you have any coursework examples?"": ""[arendesai.com/coursework] Here are some examples of coursework he completed in college. Feel free to explore!"",
    ""What's your experience with energy markets?"": ""[arendesai.com/MSO-README.md] This project is a complex simulation of the MISO market on a generation unit. It shows his expertise in energy market optimization."",
    ""How do you use Google Cloud Platform?"": ""[github.com/ArenKDesai/ArenWebsite] His website is hosted on GCP, and he also uses it for hosting and rate-limiting LLMs."",
    ""What's the Book of Joe project about?"": ""[arendesai.com/bookofjoe] It's his first portfolio project, a web game created for Honors Graphics. You can play it here!"",
    ""Can I see your resume?"": ""[arendesai.com/resume_nodetails.pdf] Here's a link to his resume with minimal details redacted. For more details, check the full version on his portfolio page."",
    ""What's CyberCity about?"": ""[arendesai.com/cybercity] It's a 3D cyberpunk city project he created for Honors Graphics. Take a look at his work!"",
    ""Do you have any locational market price forecasting models?"": ""[arendesai.com/LMPF-README.md] Yes, here are two models: one using LEAR and another using DNNs to model LMPs."",
    ""What's your education background?"": ""[arendesai.com/portfolio#education] His portfolio includes details about his degrees and certifications. Check it out!"",
    ""Can I see your LinkedIn profile?"": ""[arendesai.com/portfolio#linkedin] Here's a link to his LinkedIn profile where you can connect with him professionally."",
    ""What programming languages do you know?"": ""[github.com/ArenKDesai] His GitHub profile showcases the programming languages and projects he has worked on over the years.""
}
```

This JSON file includes a variety of potential user prompts, each linked to relevant sections of your website. The descriptions provide context for why each link was chosen, and it covers a broad range of topics from technical projects to personal portfolio details. Let me know if you'd like any adjustments!

",[WinError 3] The system cannot find the path specified: 'aa'
